id,amount,invisible,first_name_user,last_name_user,email_user
1,9371,true,Kathye,Pipe,kpipe0@globo.com
2,800,false,Gennifer,Denny,gdenny1@state.gov
3,9218,false,Rurik,Floyed,rfloyed2@java.com
4,977,false,Rriocard,Padbery,rpadbery3@yale.edu
5,1416,true,Charlena,Kyncl,ckyncl4@irs.gov
6,2107,false,Michaella,Sciacovelli,msciacovelli5@w3.org
7,5703,false,Grantham,Cassell,gcassell6@domainmarket.com
8,5970,true,Jess,Choke,jchoke7@state.tx.us
9,809,false,Charity,Huyche,chuyche8@adobe.com
10,4622,true,Luce,Vick,lvick9@i2i.jp
11,8201,true,Janelle,Capewell,jcapewella@wiley.com
12,9205,true,Lynnea,Reck,lreckb@kickstarter.com
13,7973,true,Cyrille,Andrasch,candraschc@yale.edu
14,3476,false,Raimondo,Redwin,rredwind@hugedomains.com
15,874,true,Thomasin,Dedham,tdedhame@woothemes.com
16,7863,true,Dena,Hastelow,dhastelowf@businessinsider.com
17,7583,true,Louisa,Domerc,ldomercg@feedburner.com
18,8236,false,Eugenia,Iianon,eiianonh@loc.gov
19,322,true,Lorin,Dawkins,ldawkinsi@livejournal.com
20,6123,true,Hedda,Talboy,htalboyj@ucoz.ru
21,4436,true,Etti,Padden,epaddenk@google.pl
22,2499,false,Lazaro,Tieman,ltiemanl@zdnet.com
23,1341,true,Trip,Farr,tfarrm@jalbum.net
24,1782,false,Raf,Sandyford,rsandyfordn@zdnet.com
25,8025,false,Gusella,Ropartz,gropartzo@paginegialle.it
26,4414,true,Charmaine,McPhater,cmcphaterp@noaa.gov
27,8398,false,Lou,Thomsson,lthomssonq@nationalgeographic.com
28,6776,true,Welbie,Bonellie,wbonellier@1688.com
29,9537,true,Marna,Mocher,mmochers@nydailynews.com
30,8654,false,Sherri,Bevan,sbevant@amazon.de
31,5631,false,Mickey,Pfaff,mpfaffu@symantec.com
32,4082,true,Tomaso,Meegin,tmeeginv@utexas.edu
33,1480,false,Dari,Prue,dpruew@clickbank.net
34,6936,false,Sheelah,Mingus,smingusx@fc2.com
35,3880,false,Jeniffer,Cattini,jcattiniy@arstechnica.com
36,3081,true,Addia,Evanson,aevansonz@shareasale.com
37,4351,false,Cthrine,Rhubottom,crhubottom10@nbcnews.com
38,3384,false,Conni,Yeudall,cyeudall11@aboutads.info
39,9306,true,Alfonse,Pedlow,apedlow12@prnewswire.com
40,2442,true,Fernando,Ghilardini,fghilardini13@com.com
41,5620,false,Arty,Frays,afrays14@narod.ru
42,3283,true,Shelba,Benoist,sbenoist15@plala.or.jp
43,9481,false,Charmaine,Farrent,cfarrent16@timesonline.co.uk
44,3182,false,Salvador,Canedo,scanedo17@hao123.com
45,8835,false,Revkah,Colbourn,rcolbourn18@yale.edu
46,4741,false,Jacquenetta,Pontin,jpontin19@infoseek.co.jp
47,5900,true,Mikkel,Eymer,meymer1a@a8.net
48,8777,true,Cornelia,Duncklee,cduncklee1b@pbs.org
49,2734,false,Kalina,Taye,ktaye1c@usgs.gov
50,5536,true,Merrick,Jedrysik,mjedrysik1d@accuweather.com
51,9760,false,Ulberto,Duigan,uduigan1e@t-online.de
52,9367,false,Katrine,Salkild,ksalkild1f@buzzfeed.com
53,400,false,Ervin,Gerrill,egerrill1g@flickr.com
54,2571,true,Gonzalo,Goosey,ggoosey1h@ucla.edu
55,9943,true,Bili,Coneybeare,bconeybeare1i@theatlantic.com
56,8851,false,Kimmi,Iiannoni,kiiannoni1j@de.vu
57,1608,true,Lusa,Jesse,ljesse1k@etsy.com
58,4228,false,Prudence,Di Claudio,pdiclaudio1l@g.co
59,3492,true,Gianni,Swabey,gswabey1m@angelfire.com
60,350,false,Asher,Jellings,ajellings1n@go.com
61,6836,true,Nickie,Mellanby,nmellanby1o@kickstarter.com
62,3153,true,Merla,Wildman,mwildman1p@seattletimes.com
63,3716,false,Martha,Oager,moager1q@vkontakte.ru
64,65,true,Dianna,Eastby,deastby1r@ucsd.edu
65,1777,false,Aluino,Plaister,aplaister1s@1und1.de
66,8233,false,Buck,Bailiss,bbailiss1t@hud.gov
67,1910,false,Barth,Skaid,bskaid1u@newyorker.com
68,5017,true,Willyt,Folling,wfolling1v@ftc.gov
69,3606,false,Agnola,Sphinxe,asphinxe1w@cafepress.com
70,7509,false,Filide,Stonebanks,fstonebanks1x@vistaprint.com
71,7700,true,Adrian,Glauber,aglauber1y@sphinn.com
72,2835,true,Raynard,Di Gregorio,rdigregorio1z@livejournal.com
73,4829,true,Nickolaus,Devo,ndevo20@github.com
74,8318,false,Lolly,Wormleighton,lwormleighton21@networksolutions.com
75,7809,false,Maribeth,Rivelin,mrivelin22@surveymonkey.com
76,7601,true,Randolf,Skeemer,rskeemer23@auda.org.au
77,9371,false,Homerus,Beden,hbeden24@ucla.edu
78,9530,true,Nadia,Tanman,ntanman25@1und1.de
79,6824,true,Lazaro,Brownsea,lbrownsea26@simplemachines.org
80,8370,true,Shanon,Jirzik,sjirzik27@reddit.com
81,7383,true,Amandy,Jeannon,ajeannon28@yellowpages.com
82,1339,true,Barnebas,Drinnan,bdrinnan29@narod.ru
83,6762,false,Anne-corinne,Limming,alimming2a@foxnews.com
84,8993,true,Bay,Harpham,bharpham2b@moonfruit.com
85,3814,true,Stevie,Bartoszinski,sbartoszinski2c@icio.us
86,8295,false,Hercule,Gartin,hgartin2d@phpbb.com
87,594,true,Jarret,Andries,jandries2e@omniture.com
88,3536,false,Duncan,Darnbrough,ddarnbrough2f@reuters.com
89,4366,false,Chick,Schneider,cschneider2g@imdb.com
90,7162,true,Inglebert,Balaison,ibalaison2h@wsj.com
91,5757,true,Andy,McKeever,amckeever2i@ca.gov
92,5441,true,Marnie,Brittle,mbrittle2j@bravesites.com
93,9289,false,Dimitri,Thompsett,dthompsett2k@census.gov
94,5560,false,Arlana,Karolewski,akarolewski2l@java.com
95,8466,false,Kit,Mitham,kmitham2m@bandcamp.com
96,112,false,Adams,Dabernott,adabernott2n@marketwatch.com
97,8904,false,Alwin,Ferraraccio,aferraraccio2o@tuttocitta.it
98,6806,false,Corinna,Ormston,cormston2p@nps.gov
99,8159,true,Guinevere,Kneller,gkneller2q@alibaba.com
100,2351,false,Jobyna,Beddow,jbeddow2r@oracle.com
101,5832,false,Kati,Roland,kroland2s@npr.org
102,9972,true,Letty,Stollhofer,lstollhofer2t@ed.gov
103,1169,true,Aryn,Nestoruk,anestoruk2u@weather.com
104,9130,true,Randy,Cleever,rcleever2v@washingtonpost.com
105,7152,false,Annecorinne,Kenwin,akenwin2w@dropbox.com
106,3327,false,Charla,Dalliwater,cdalliwater2x@yandex.ru
107,5347,true,Alastair,Walesby,awalesby2y@ebay.com
108,5461,false,Arnaldo,Heasman,aheasman2z@elegantthemes.com
109,9810,true,Caspar,Gaucher,cgaucher30@ebay.co.uk
110,6563,false,Julian,Realy,jrealy31@g.co
111,5724,true,Maurise,Bourthoumieux,mbourthoumieux32@businessweek.com
112,1525,false,Jarad,Loyley,jloyley33@dmoz.org
113,4893,true,Dore,Elsy,delsy34@yandex.ru
114,9238,true,Roland,Althrope,ralthrope35@nymag.com
115,5626,true,Barnabe,Brealey,bbrealey36@blogspot.com
116,3206,true,Kim,Phayre,kphayre37@is.gd
117,3553,false,Shoshana,Laxson,slaxson38@skype.com
118,5370,true,Cindie,Sibary,csibary39@wp.com
119,1625,false,Gregg,Harbord,gharbord3a@cyberchimps.com
120,2410,false,Guglielma,Blincow,gblincow3b@senate.gov
121,5327,false,Otis,Armand,oarmand3c@unblog.fr
122,9460,true,Margeaux,Digance,mdigance3d@umich.edu
123,7662,false,Alejoa,Gregoretti,agregoretti3e@fc2.com
124,9442,false,Demetra,Dyos,ddyos3f@dot.gov
125,257,false,Malissa,Whatling,mwhatling3g@craigslist.org
126,5922,false,Elnora,Critchlow,ecritchlow3h@webs.com
127,4291,false,Nestor,Jellybrand,njellybrand3i@printfriendly.com
128,6792,true,Collete,Neubigging,cneubigging3j@mashable.com
129,9410,false,Ronny,Kubacki,rkubacki3k@blogspot.com
130,4975,true,Sascha,Hatchette,shatchette3l@lycos.com
131,394,false,L;urette,O'Hannen,lohannen3m@1688.com
132,8176,false,Amil,Rosberg,arosberg3n@edublogs.org
133,4244,false,Jeni,Rzehorz,jrzehorz3o@usa.gov
134,5772,true,Dimitri,Rasher,drasher3p@howstuffworks.com
135,5023,true,Bruno,Macourek,bmacourek3q@simplemachines.org
136,6861,true,Westleigh,Warhurst,wwarhurst3r@sitemeter.com
137,5887,false,Gayleen,Mockes,gmockes3s@stumbleupon.com
138,5699,true,Norri,Balshaw,nbalshaw3t@marriott.com
139,6114,false,Lanny,Wardle,lwardle3u@squidoo.com
140,1073,false,Spenser,Van Velden,svanvelden3v@wiley.com
141,8912,false,Miranda,Eskriett,meskriett3w@prweb.com
142,8694,true,Dal,Kennaway,dkennaway3x@furl.net
143,7130,true,Cass,Cholmondeley,ccholmondeley3y@hp.com
144,6055,true,Sumner,Haswall,shaswall3z@odnoklassniki.ru
145,7048,true,Kim,Bellham,kbellham40@1688.com
146,1654,true,Steward,Landal,slandal41@wikimedia.org
147,688,false,Anabel,Bold,abold42@state.tx.us
148,630,false,Veronique,Wardlaw,vwardlaw43@scribd.com
149,8913,false,Mauricio,Sworne,msworne44@theglobeandmail.com
150,6508,true,Bernete,Rosendorf,brosendorf45@bbb.org
151,7393,true,Waldon,Willden,wwillden46@vkontakte.ru
152,6721,true,Hoebart,Jerrans,hjerrans47@google.co.uk
153,6541,false,Veronica,Mytton,vmytton48@smh.com.au
154,76,true,Tera,Cotta,tcotta49@loc.gov
155,2654,false,Imojean,Purcell,ipurcell4a@cloudflare.com
156,716,true,Eleanore,Santore,esantore4b@oracle.com
157,6046,false,Shurlock,Oene,soene4c@linkedin.com
158,5801,true,Ainslee,Haste,ahaste4d@berkeley.edu
159,885,true,Perkin,Allsworth,pallsworth4e@hubpages.com
160,2264,false,Rey,Ruzicka,rruzicka4f@posterous.com
161,2627,true,Mason,Papa,mpapa4g@gov.uk
162,8252,false,Rene,Busch,rbusch4h@independent.co.uk
163,1115,false,Toiboid,Blundon,tblundon4i@answers.com
164,9872,true,Lennard,Sallan,lsallan4j@loc.gov
165,2892,false,Clayson,Menichini,cmenichini4k@guardian.co.uk
166,3393,false,Delila,Raubenheimer,draubenheimer4l@about.me
167,2733,true,Ethelin,Amori,eamori4m@studiopress.com
168,8349,false,Charlene,Flescher,cflescher4n@hao123.com
169,1906,true,Janine,Nannini,jnannini4o@example.com
170,7906,true,Judy,Mayo,jmayo4p@so-net.ne.jp
171,2249,true,Gwenneth,Beiderbecke,gbeiderbecke4q@reuters.com
172,9463,false,Godfrey,Calyton,gcalyton4r@accuweather.com
173,1909,false,Elset,Ornils,eornils4s@wordpress.com
174,5844,true,Linnea,Eakin,leakin4t@harvard.edu
175,393,true,Shelagh,Blaes,sblaes4u@mashable.com
176,3662,false,Jayme,Jerrolt,jjerrolt4v@discovery.com
177,220,true,Rees,Barhims,rbarhims4w@google.co.uk
178,507,true,Dane,Stickings,dstickings4x@un.org
179,1712,false,Francisca,Vivien,fvivien4y@dmoz.org
180,6082,false,Grange,Tewkesbury.,gtewkesbury4z@booking.com
181,9396,false,Avivah,Witson,awitson50@yellowpages.com
182,7077,true,Ingemar,Eich,ieich51@independent.co.uk
183,3438,true,Joeann,Twiddell,jtwiddell52@xing.com
184,8949,true,Candi,Huffa,chuffa53@google.cn
185,4416,false,Jayme,O'Clery,joclery54@businessweek.com
186,9275,false,Courtney,Pickworth,cpickworth55@zimbio.com
187,9876,true,Lilias,Whitechurch,lwhitechurch56@odnoklassniki.ru
188,4350,false,Stavros,Majury,smajury57@go.com
189,9282,true,Hermie,Showen,hshowen58@yahoo.com
190,6246,true,Caroline,Ghiron,cghiron59@fda.gov
191,3037,true,Lindsay,Labusquiere,llabusquiere5a@yahoo.co.jp
192,6152,false,Daisey,Stannion,dstannion5b@seattletimes.com
193,2043,true,Bennett,Pole,bpole5c@marriott.com
194,5862,true,Margarette,Arnaldi,marnaldi5d@linkedin.com
195,8313,false,Adelaida,Manjot,amanjot5e@nbcnews.com
196,1061,true,Vivianne,Ewbanke,vewbanke5f@google.com.hk
197,9274,false,Catherine,Lindhe,clindhe5g@narod.ru
198,9979,false,Cammy,Beazleigh,cbeazleigh5h@yelp.com
199,5848,true,Antonie,Carah,acarah5i@wikispaces.com
200,5407,true,Westbrook,Zaple,wzaple5j@merriam-webster.com
201,8548,false,Sherlock,Heardman,sheardman5k@chicagotribune.com
202,4854,false,Marlin,Rengger,mrengger5l@biglobe.ne.jp
203,6598,true,Monte,Costanza,mcostanza5m@icq.com
204,4238,false,Rosalia,Sackler,rsackler5n@yahoo.com
205,3481,false,Merilyn,Hurst,mhurst5o@nydailynews.com
206,7951,true,Hanny,Tomeo,htomeo5p@google.co.uk
207,2153,true,Shelba,Bellwood,sbellwood5q@parallels.com
208,264,false,Yolanda,Meni,ymeni5r@dagondesign.com
209,7007,false,Maximilian,Wallwood,mwallwood5s@opensource.org
210,5257,true,Dorelle,Cane,dcane5t@sitemeter.com
211,9161,true,Eli,O' Brian,eobrian5u@technorati.com
212,7965,true,Gael,Grayson,ggrayson5v@topsy.com
213,8203,true,Aurie,Cornell,acornell5w@plala.or.jp
214,7487,false,Danika,Banes,dbanes5x@wufoo.com
215,9315,true,Gaspard,Arnaudon,garnaudon5y@imdb.com
216,4749,true,Kaia,Wisham,kwisham5z@ted.com
217,4016,true,Teddie,Simonetto,tsimonetto60@samsung.com
218,6987,true,Margareta,Drohane,mdrohane61@cbsnews.com
219,8062,true,Addy,Chastang,achastang62@reddit.com
220,8438,false,Mariejeanne,Pankettman,mpankettman63@arstechnica.com
221,9191,false,Benedetta,How to preserve,bhowtopreserve64@163.com
222,3755,true,Lynnette,Hallsworth,lhallsworth65@soundcloud.com
223,8958,true,Bryn,Salvidge,bsalvidge66@jalbum.net
224,1749,true,Dredi,Bonifacio,dbonifacio67@yelp.com
225,8252,false,Malchy,Grellier,mgrellier68@moonfruit.com
226,5949,false,Orlando,Boni,oboni69@joomla.org
227,5749,true,Carlo,Dowker,cdowker6a@deviantart.com
228,2478,false,Lonni,Cansdall,lcansdall6b@gizmodo.com
229,5096,false,Edik,Caley,ecaley6c@japanpost.jp
230,546,false,Benni,Cristofari,bcristofari6d@51.la
231,8139,true,Giustino,Denny,gdenny6e@e-recht24.de
232,3132,true,Yettie,Whale,ywhale6f@moonfruit.com
233,9018,true,Jacintha,Renyard,jrenyard6g@illinois.edu
234,4470,true,Peyter,Malyj,pmalyj6h@weibo.com
235,3100,false,Emmye,Falla,efalla6i@livejournal.com
236,2975,true,Cloris,Mossdale,cmossdale6j@google.ca
237,4974,false,Payton,Coppenhall,pcoppenhall6k@live.com
238,5098,false,Shawn,Comino,scomino6l@csmonitor.com
239,6601,true,Deidre,Wallbridge,dwallbridge6m@over-blog.com
240,7651,false,Crissy,McMeekan,cmcmeekan6n@constantcontact.com
241,6819,false,Eryn,Meaton,emeaton6o@dmoz.org
242,9601,true,Loria,Yarr,lyarr6p@upenn.edu
243,3741,false,Ally,Speakman,aspeakman6q@washingtonpost.com
244,5100,false,Sunny,Carslaw,scarslaw6r@ftc.gov
245,4599,true,Horacio,Sinnatt,hsinnatt6s@jigsy.com
246,6684,true,Willem,Georgot,wgeorgot6t@discuz.net
247,8426,true,Vita,Dorey,vdorey6u@wikia.com
248,2766,true,Correy,Worsnop,cworsnop6v@yellowbook.com
249,3384,false,Griffy,Dearnley,gdearnley6w@wufoo.com
250,1283,true,Robyn,Kmicicki,rkmicicki6x@wordpress.com
251,6414,true,Hirsch,Athy,hathy6y@usda.gov
252,9934,false,Candice,Oddie,coddie6z@bluehost.com
253,8914,true,Andreana,Ikins,aikins70@jimdo.com
254,4168,false,Darb,Bernardinelli,dbernardinelli71@squarespace.com
255,4713,true,Brandy,Nickoll,bnickoll72@networkadvertising.org
256,1309,true,Vincenty,Abdey,vabdey73@smugmug.com
257,2845,false,Bernie,Saffe,bsaffe74@usa.gov
258,6206,true,Antonio,Benjamin,abenjamin75@statcounter.com
259,2610,true,Gayler,Park,gpark76@mashable.com
260,6519,true,Livia,Coleiro,lcoleiro77@wikipedia.org
261,7752,true,Paul,Haller,phaller78@psu.edu
262,3714,true,Selina,Purrier,spurrier79@vistaprint.com
263,4038,true,Baillie,Sukbhans,bsukbhans7a@cocolog-nifty.com
264,7593,true,Nonna,McHaffy,nmchaffy7b@vimeo.com
265,7191,true,Ardisj,Mauditt,amauditt7c@eventbrite.com
266,4647,false,Donica,Samuel,dsamuel7d@zdnet.com
267,9863,true,Manny,Triner,mtriner7e@i2i.jp
268,6016,false,Genevieve,Boyford,gboyford7f@harvard.edu
269,4234,false,Casper,Senten,csenten7g@vk.com
270,5148,false,Anneliese,D'Onisi,adonisi7h@ehow.com
271,9698,true,Ravi,Farbrother,rfarbrother7i@prnewswire.com
272,5922,false,Linet,Maypes,lmaypes7j@timesonline.co.uk
273,2357,false,Elianora,Cockland,ecockland7k@mashable.com
274,3868,true,Alikee,Nurden,anurden7l@google.it
275,5349,false,Bendix,Andretti,bandretti7m@pbs.org
276,8502,false,Ethelda,Youngman,eyoungman7n@vimeo.com
277,6184,false,Esme,Ottee,eottee7o@amazon.de
278,7717,false,Rusty,Courage,rcourage7p@furl.net
279,7556,false,Kaile,Shurlock,kshurlock7q@last.fm
280,5265,true,Joane,Dagon,jdagon7r@epa.gov
281,6921,true,Bogey,Pledge,bpledge7s@utexas.edu
282,6376,true,Adrienne,Foan,afoan7t@flavors.me
283,4218,true,Egbert,Olesen,eolesen7u@virginia.edu
284,8173,false,Catherina,Gother,cgother7v@theatlantic.com
285,8643,false,Ardine,Corona,acorona7w@statcounter.com
286,2787,false,Sileas,Gallahar,sgallahar7x@miitbeian.gov.cn
287,2832,false,Eleni,Holtham,eholtham7y@cbsnews.com
288,9324,true,Erin,Greenin,egreenin7z@boston.com
289,2959,true,Ruy,Hummerston,rhummerston80@weebly.com
290,3066,true,Ernest,Jebb,ejebb81@upenn.edu
291,324,false,Gilbert,Lunk,glunk82@go.com
292,2144,true,Scotti,Nuccii,snuccii83@rakuten.co.jp
293,4392,true,Klemens,Stradling,kstradling84@yellowbook.com
294,1725,false,Magnum,Bain,mbain85@shareasale.com
295,9543,false,Carlin,Lancley,clancley86@kickstarter.com
296,6025,false,Kalli,Masedon,kmasedon87@virginia.edu
297,9437,false,Basil,Prantoni,bprantoni88@nps.gov
298,3332,true,Gav,Leete,gleete89@surveymonkey.com
299,5260,true,Robinet,Klimashevich,rklimashevich8a@hatena.ne.jp
300,4428,false,Gail,Greeves,ggreeves8b@gmpg.org
301,2503,true,Mendie,Mc Coughan,mmccoughan8c@ihg.com
302,835,false,Boony,Eales,beales8d@topsy.com
303,3464,false,Maxy,Connell,mconnell8e@vimeo.com
304,1977,true,Philomena,Marlon,pmarlon8f@pcworld.com
305,7703,true,Merilee,Samweyes,msamweyes8g@illinois.edu
306,8482,false,Grannie,Walhedd,gwalhedd8h@domainmarket.com
307,5864,true,Meggy,De Hooge,mdehooge8i@ovh.net
308,1844,false,Brewer,Enrrico,benrrico8j@abc.net.au
309,5501,false,Ann,Maith,amaith8k@businessweek.com
310,7929,false,Chilton,Jahns,cjahns8l@fastcompany.com
311,6050,false,Tove,Pimlock,tpimlock8m@people.com.cn
312,3267,false,Jeni,Henrych,jhenrych8n@weebly.com
313,4677,false,Stacie,Verey,sverey8o@techcrunch.com
314,4639,true,Gal,Cotterill,gcotterill8p@photobucket.com
315,8760,true,Cherilyn,Gurko,cgurko8q@ehow.com
316,7494,true,Adelind,Gainsborough,againsborough8r@e-recht24.de
317,4752,true,Paxton,MacCartney,pmaccartney8s@sun.com
318,1733,true,Adele,Vokes,avokes8t@businesswire.com
319,958,true,Lorant,Callear,lcallear8u@yelp.com
320,5301,false,Brandon,Lomaz,blomaz8v@epa.gov
321,9810,false,Ricca,Loddon,rloddon8w@hostgator.com
322,8217,true,Karil,Studde,kstudde8x@comsenz.com
323,5060,true,Wini,Cattellion,wcattellion8y@nationalgeographic.com
324,343,false,Dionne,Cockney,dcockney8z@sitemeter.com
325,9847,true,Gerianna,Windeatt,gwindeatt90@bloomberg.com
326,8820,true,Rhett,Readman,rreadman91@umich.edu
327,4670,true,Curry,Buyers,cbuyers92@reverbnation.com
328,1245,false,Iolanthe,Hadrill,ihadrill93@google.de
329,4863,false,Christalle,Christene,cchristene94@tamu.edu
330,3629,false,Moria,Spinas,mspinas95@opensource.org
331,743,true,Bonnie,Likly,blikly96@meetup.com
332,1092,false,Tonia,Screach,tscreach97@sohu.com
333,3763,false,Cynthy,Caldecutt,ccaldecutt98@youtu.be
334,1215,false,Sherman,Wordington,swordington99@phoca.cz
335,9330,false,Andres,Perryn,aperryn9a@bbc.co.uk
336,9382,false,Sydney,Searchfield,ssearchfield9b@aboutads.info
337,7131,false,Isis,Medgewick,imedgewick9c@zimbio.com
338,1997,false,Jeannie,Wilbraham,jwilbraham9d@sphinn.com
339,3205,true,Tamarra,Muddimer,tmuddimer9e@ask.com
340,207,false,Raviv,Wolfit,rwolfit9f@acquirethisname.com
341,1377,true,Davon,Longina,dlongina9g@ihg.com
342,5435,true,Edik,Sweedy,esweedy9h@sbwire.com
343,2194,false,Carolus,Abrahamsohn,cabrahamsohn9i@google.es
344,3951,true,Marjorie,McGlynn,mmcglynn9j@wp.com
345,8681,true,Cristobal,Iddy,ciddy9k@sbwire.com
346,9442,true,Idette,Cornhill,icornhill9l@reference.com
347,7489,false,Burty,Nelius,bnelius9m@freewebs.com
348,9696,true,Tonya,Gornall,tgornall9n@printfriendly.com
349,9248,false,Mercie,Kelleher,mkelleher9o@freewebs.com
350,9164,true,Aylmar,Fitzjohn,afitzjohn9p@uiuc.edu
351,8321,true,Sinclare,Middlemiss,smiddlemiss9q@booking.com
352,7316,false,Carolynn,Caldes,ccaldes9r@mayoclinic.com
353,2101,false,Mohammed,McNerlin,mmcnerlin9s@51.la
354,9487,true,Rafaelia,Attaway,rattaway9t@hexun.com
355,4507,true,Dion,Trimble,dtrimble9u@histats.com
356,5789,false,Yoko,Baty,ybaty9v@cdc.gov
357,8901,true,Knox,Mertin,kmertin9w@marriott.com
358,5463,true,Minda,Sekulla,msekulla9x@friendfeed.com
359,6026,true,Dimitry,Caghan,dcaghan9y@irs.gov
360,8711,true,Titos,Cargen,tcargen9z@nymag.com
361,5316,true,Erek,Rudwell,erudwella0@google.ru
362,3872,true,Rafaelia,McGlue,rmcgluea1@constantcontact.com
363,7024,true,Silvanus,Stallon,sstallona2@flickr.com
364,3917,true,Inga,Emmert,iemmerta3@msn.com
365,8924,false,Geoff,Mulford,gmulforda4@cpanel.net
366,6048,false,Bartholomeus,Bergin,bbergina5@yelp.com
367,8524,true,Nanete,Filchagin,nfilchagina6@aboutads.info
368,6685,false,Lucian,Arends,larendsa7@yandex.ru
369,7925,false,Danni,D'Onise,ddonisea8@reverbnation.com
370,5473,false,Leonore,Emons,lemonsa9@1und1.de
371,1741,true,Haze,Symcock,hsymcockaa@merriam-webster.com
372,7329,false,Barry,Scritch,bscritchab@clickbank.net
373,7847,true,Trudey,Routley,troutleyac@harvard.edu
374,9194,false,Valaria,Curm,vcurmad@patch.com
375,6215,true,Gearard,Beardwood,gbeardwoodae@paginegialle.it
376,3680,false,Basilius,Hendonson,bhendonsonaf@ovh.net
377,2456,false,Emery,Bigglestone,ebigglestoneag@blogger.com
378,1832,true,Rogers,Shatliff,rshatliffah@census.gov
379,4173,false,Malena,Bletcher,mbletcherai@t-online.de
380,9200,true,Tracy,Lund,tlundaj@wikia.com
381,7933,true,Derron,Hendriksen,dhendriksenak@bravesites.com
382,9895,true,Kareem,Steinham,ksteinhamal@de.vu
383,6767,false,Mike,Popworth,mpopwortham@de.vu
384,4453,true,Erica,Belderson,ebeldersonan@privacy.gov.au
385,279,false,Reese,Corser,rcorserao@technorati.com
386,7841,true,Rosamund,Eilhart,reilhartap@ameblo.jp
387,2931,false,Marietta,Burdas,mburdasaq@desdev.cn
388,1703,false,Mattheus,Maddrell,mmaddrellar@epa.gov
389,9838,true,Zandra,Bigley,zbigleyas@devhub.com
390,7032,true,Ardelia,Poley,apoleyat@tinyurl.com
391,6763,true,Riobard,O'Deoran,rodeoranau@cbsnews.com
392,7013,false,Ivett,Falkus,ifalkusav@feedburner.com
393,3788,false,Mort,Stainbridge,mstainbridgeaw@alibaba.com
394,8817,false,Mart,Claxson,mclaxsonax@stumbleupon.com
395,5926,true,Hermy,Poynzer,hpoynzeray@ca.gov
396,7109,true,Sidoney,MacKeller,smackelleraz@shinystat.com
397,2211,false,Sophia,Orvis,sorvisb0@shareasale.com
398,4586,false,Shani,Proom,sproomb1@yandex.ru
399,8036,false,Veda,Brugsma,vbrugsmab2@spotify.com
400,1649,false,Keith,Thurlby,kthurlbyb3@smh.com.au
401,6263,true,Ker,Trytsman,ktrytsmanb4@purevolume.com
402,9726,true,Royce,Menichillo,rmenichillob5@flavors.me
403,8606,false,Reece,Dewane,rdewaneb6@cbslocal.com
404,4369,true,Theobald,McKea,tmckeab7@google.com
405,4202,true,Jillayne,Yannikov,jyannikovb8@bloglines.com
406,3397,true,Stephine,Ryal,sryalb9@purevolume.com
407,3242,false,Berte,Westley,bwestleyba@theguardian.com
408,5021,false,Ingunna,Schoffler,ischofflerbb@rakuten.co.jp
409,7711,false,Ari,Espinazo,aespinazobc@sakura.ne.jp
410,872,true,Sean,Hamer,shamerbd@booking.com
411,3070,false,Estrellita,Dell Casa,edellcasabe@hhs.gov
412,3367,false,Margot,Sterman,mstermanbf@ox.ac.uk
413,8136,false,Dill,Thewles,dthewlesbg@simplemachines.org
414,908,false,Sky,Iskowitz,siskowitzbh@amazonaws.com
415,5057,true,Avram,Gear,agearbi@gnu.org
416,1294,true,Beth,Morales,bmoralesbj@stumbleupon.com
417,8348,true,Nefen,Arsmith,narsmithbk@xinhuanet.com
418,2118,false,Huntlee,Pavek,hpavekbl@posterous.com
419,7914,true,Ezri,Killbey,ekillbeybm@ovh.net
420,6846,true,Carolann,Masters,cmastersbn@flickr.com
421,2771,false,Lula,Borton,lbortonbo@unesco.org
422,7171,false,Saul,Coombs,scoombsbp@ucoz.ru
423,1009,true,Garvey,Pottery,gpotterybq@springer.com
424,4980,false,Malvin,Crutcher,mcrutcherbr@over-blog.com
425,9324,false,Chev,Mandell,cmandellbs@intel.com
426,1476,false,Orran,Sommerly,osommerlybt@vinaora.com
427,7175,false,Wynne,Warlawe,wwarlawebu@deviantart.com
428,7268,true,Georgi,Urwen,gurwenbv@altervista.org
429,9004,true,Crawford,Bales,cbalesbw@army.mil
430,8131,true,Auberon,Conningham,aconninghambx@geocities.com
431,1263,false,Sammy,McCarly,smccarlyby@geocities.jp
432,8440,false,Granthem,Santacrole,gsantacrolebz@desdev.cn
433,2701,false,Dolly,Hackett,dhackettc0@cyberchimps.com
434,8011,true,Mariquilla,Kildea,mkildeac1@jigsy.com
435,8388,true,Cyrus,Thoms,cthomsc2@desdev.cn
436,8141,true,Gerda,Sheers,gsheersc3@harvard.edu
437,5973,true,Shaylyn,Sconce,ssconcec4@ftc.gov
438,2642,true,Noll,Bardey,nbardeyc5@shutterfly.com
439,8385,false,Morey,Harkus,mharkusc6@oakley.com
440,4086,false,Ericka,Bethell,ebethellc7@narod.ru
441,255,true,Lorilee,Caskie,lcaskiec8@imageshack.us
442,3029,true,Dara,Netherclift,dnethercliftc9@reddit.com
443,1952,true,Edythe,Artiss,eartissca@webeden.co.uk
444,5489,false,Koralle,Dumini,kduminicb@typepad.com
445,1439,true,Felisha,Palfrey,fpalfreycc@ft.com
446,8162,false,Cordula,Campaigne,ccampaignecd@jimdo.com
447,26,true,Nina,Daingerfield,ndaingerfieldce@myspace.com
448,1529,true,Zared,Pepon,zpeponcf@reddit.com
449,1299,true,Shannen,Rattry,srattrycg@friendfeed.com
450,119,false,Val,Dallyn,vdallynch@hubpages.com
451,3049,false,Theda,Saltmarsh,tsaltmarshci@w3.org
452,2266,false,Pandora,Riply,priplycj@yellowpages.com
453,8216,true,Darbee,McKeller,dmckellerck@domainmarket.com
454,9036,true,Claribel,Latta,clattacl@illinois.edu
455,387,false,Wells,Dunmore,wdunmorecm@nifty.com
456,3010,false,Elonore,Dickman,edickmancn@nba.com
457,5924,false,Bradly,Marcussen,bmarcussenco@amazonaws.com
458,7305,true,Sloane,Derks,sderkscp@free.fr
459,1220,true,Harli,Marrian,hmarriancq@cnn.com
460,7268,true,Sutherland,Bessett,sbessettcr@taobao.com
461,523,false,Robinson,Liebmann,rliebmanncs@friendfeed.com
462,8820,true,Hyatt,Birdwistle,hbirdwistlect@t.co
463,6960,true,Florry,Laetham,flaethamcu@pcworld.com
464,5902,false,Clementine,Guerra,cguerracv@weebly.com
465,9463,true,Malorie,Edmand,medmandcw@telegraph.co.uk
466,3235,true,Terrel,Thynn,tthynncx@qq.com
467,3438,true,Kelsey,Denniss,kdennisscy@mapquest.com
468,8987,true,Burl,Knowlden,bknowldencz@google.nl
469,9103,true,Nathan,Wellstood,nwellstoodd0@indiatimes.com
470,7333,true,Dario,Sandeman,dsandemand1@g.co
471,59,true,Beltran,Buckner,bbucknerd2@squidoo.com
472,7673,true,Bondy,Caller,bcallerd3@tiny.cc
473,2328,false,Jillayne,Steptow,jsteptowd4@gizmodo.com
474,1249,false,Stavros,Purshouse,spurshoused5@pcworld.com
475,3559,false,Nels,Tremellier,ntremellierd6@home.pl
476,3517,true,Andrea,Cratchley,acratchleyd7@last.fm
477,8172,true,Farr,Hardeman,fhardemand8@networksolutions.com
478,4861,true,Allard,Almack,aalmackd9@sohu.com
479,8914,true,Cleavland,Clardge,cclardgeda@opera.com
480,9095,true,Debra,Malam,dmalamdb@spotify.com
481,1464,false,Drusie,Lacroux,dlacrouxdc@chicagotribune.com
482,3874,true,Tripp,Stailey,tstaileydd@deviantart.com
483,9441,true,Zachary,Orr,zorrde@sciencedaily.com
484,6757,false,Liana,Brickell,lbrickelldf@sciencedaily.com
485,4747,false,Antonella,Cafe,acafedg@slideshare.net
486,3048,false,Ike,Euplate,ieuplatedh@nasa.gov
487,3055,false,Barbi,Daniell,bdanielldi@bluehost.com
488,5404,false,Rhetta,Balaisot,rbalaisotdj@amazon.co.uk
489,9987,false,Orel,Mateev,omateevdk@hubpages.com
490,6329,true,Moise,McGrey,mmcgreydl@feedburner.com
491,1202,false,Mathian,Feldhuhn,mfeldhuhndm@list-manage.com
492,9729,true,Rosabella,Ginglell,rginglelldn@nasa.gov
493,2901,true,Carmencita,Devoy,cdevoydo@economist.com
494,4317,false,Orelee,Antonutti,oantonuttidp@4shared.com
495,1270,true,Layla,Cheevers,lcheeversdq@surveymonkey.com
496,8256,true,Dex,Whatmough,dwhatmoughdr@stumbleupon.com
497,1929,true,Lizzy,Janca,ljancads@sakura.ne.jp
498,9812,true,Susann,Derr,sderrdt@jimdo.com
499,3571,true,Ernaline,Swanborough,eswanboroughdu@jigsy.com
500,5142,true,Maitilde,Dehmel,mdehmeldv@t-online.de
501,3013,false,Daisie,Iwanicki,diwanickidw@vk.com
502,9008,true,Selie,Cruft,scruftdx@simplemachines.org
503,8519,false,Bern,Clemitt,bclemittdy@e-recht24.de
504,7254,false,Carolin,Locock,clocockdz@t.co
505,4611,true,Luise,Swithenby,lswithenbye0@google.ca
506,221,false,Meridel,Thirwell,mthirwelle1@google.com.br
507,5189,false,Colette,Kidds,ckiddse2@github.com
508,3645,true,Joycelin,Harkin,jharkine3@sogou.com
509,5461,false,Feodor,Neeson,fneesone4@youku.com
510,8968,false,Wallace,Bailes,wbailese5@barnesandnoble.com
511,4843,false,Currie,Josephsen,cjosephsene6@ca.gov
512,3206,true,Kipp,Micco,kmiccoe7@zdnet.com
513,1214,false,Fred,Sanger,fsangere8@plala.or.jp
514,7573,true,Cyril,Hardinge,chardingee9@4shared.com
515,6624,false,Cacilia,Hanne,channeea@php.net
516,4313,true,Geri,Giacobbo,ggiacobboeb@tiny.cc
517,144,true,Laurence,De Avenell,ldeavenellec@1688.com
518,1187,false,Rica,Battany,rbattanyed@t-online.de
519,4056,true,Lyn,Leeburn,lleeburnee@stumbleupon.com
520,5016,true,Kendricks,Wormleighton,kwormleightonef@ovh.net
521,9402,false,Erin,Putland,eputlandeg@symantec.com
522,6344,true,Clyve,Maccaddie,cmaccaddieeh@reuters.com
523,1698,true,Derrek,Bowles,dbowlesei@blogspot.com
524,416,false,Jude,Richten,jrichtenej@washington.edu
525,9784,true,Mavra,Balme,mbalmeek@mysql.com
526,2168,true,Annamaria,Loutheane,aloutheaneel@drupal.org
527,9635,true,Gabbi,Keynd,gkeyndem@loc.gov
528,748,false,Corrie,Leynham,cleynhamen@lulu.com
529,2335,false,Shawn,Braysher,sbrayshereo@vistaprint.com
530,8607,true,Bobbye,Rich,brichep@narod.ru
531,2599,true,Sibilla,Anstee,sansteeeq@shinystat.com
532,7019,false,Catlee,Dewsnap,cdewsnaper@goo.ne.jp
533,8934,false,Matilda,Blight,mblightes@ebay.com
534,8318,true,Aile,Powers,apowerset@csmonitor.com
535,6064,false,Alissa,Mays,amayseu@forbes.com
536,1866,false,Bartel,Labdon,blabdonev@elegantthemes.com
537,6243,true,Rowney,Sutherington,rsutheringtonew@wisc.edu
538,9911,false,Winifred,McKelvey,wmckelveyex@sciencedirect.com
539,7570,false,Kaspar,Lassetter,klassetterey@wikimedia.org
540,9647,false,Jemmy,Fortune,jfortuneez@imageshack.us
541,1488,true,Elga,Goodlake,egoodlakef0@behance.net
542,1642,false,Renee,Ricioppo,rricioppof1@timesonline.co.uk
543,7402,false,Tallie,Beslier,tbeslierf2@prnewswire.com
544,502,true,Kile,Hulson,khulsonf3@ftc.gov
545,9947,true,Jackie,Stirton,jstirtonf4@auda.org.au
546,9343,false,Marcelo,Connor,mconnorf5@123-reg.co.uk
547,5780,true,Kenyon,Barme,kbarmef6@weebly.com
548,9249,true,Yoshiko,Snoddon,ysnoddonf7@soundcloud.com
549,9767,true,Malena,Lennard,mlennardf8@biglobe.ne.jp
550,3550,true,Francine,Besnard,fbesnardf9@youtube.com
551,5006,false,Leeanne,Limprecht,llimprechtfa@tinyurl.com
552,9328,true,Alayne,Maidment,amaidmentfb@ameblo.jp
553,7336,true,Courtenay,Terese,cteresefc@ocn.ne.jp
554,4330,true,Kata,Brunker,kbrunkerfd@alibaba.com
555,6112,true,Zak,Gosney,zgosneyfe@wordpress.org
556,2641,true,Paddie,Fennelly,pfennellyff@si.edu
557,9724,true,Brook,Iddenden,biddendenfg@dagondesign.com
558,7953,true,Alyss,Screaton,ascreatonfh@i2i.jp
559,2218,false,Flossi,Ducrow,fducrowfi@netscape.com
560,4334,false,Blair,Flowerdew,bflowerdewfj@sitemeter.com
561,6101,false,Britt,Lethby,blethbyfk@mayoclinic.com
562,6555,true,Jennilee,Ixer,jixerfl@t.co
563,6057,true,Saraann,Boutellier,sboutellierfm@live.com
564,3079,false,Muhammad,Nissle,mnisslefn@blogger.com
565,4760,false,Ninetta,Kimber,nkimberfo@xinhuanet.com
566,1735,false,Elbertina,Carson,ecarsonfp@sphinn.com
567,4832,false,Lawton,Sills,lsillsfq@bbc.co.uk
568,7591,false,Maude,Dougal,mdougalfr@addtoany.com
569,7385,false,Catlin,Daish,cdaishfs@histats.com
570,6438,true,Rodolph,Lawlan,rlawlanft@usa.gov
571,8512,true,Dew,Zute,dzutefu@nature.com
572,1289,false,Kirsteni,Sheward,kshewardfv@businesswire.com
573,4980,true,Devonna,Heffer,dhefferfw@un.org
574,8381,true,Ricky,De Cruze,rdecruzefx@homestead.com
575,9931,false,Evangelina,Willes,ewillesfy@tuttocitta.it
576,3765,false,Giulio,Polley,gpolleyfz@liveinternet.ru
577,4242,true,Loraine,Annandale,lannandaleg0@abc.net.au
578,6712,true,Ewen,Sedgemond,esedgemondg1@facebook.com
579,6962,true,Kirstyn,McGreay,kmcgreayg2@hexun.com
580,8506,true,Consalve,Dawid,cdawidg3@telegraph.co.uk
581,9741,true,Sergeant,Pattie,spattieg4@irs.gov
582,5687,true,Happy,Zapatero,hzapaterog5@gravatar.com
583,1425,true,Rachelle,Meugens,rmeugensg6@dropbox.com
584,6505,false,Osborn,Osborn,oosborng7@tripod.com
585,6187,true,Jean,Flawn,jflawng8@edublogs.org
586,2296,false,Obadias,Oxterby,ooxterbyg9@gnu.org
587,3561,true,Bogey,Diffley,bdiffleyga@123-reg.co.uk
588,1075,true,Baxter,Briggs,bbriggsgb@php.net
589,8584,true,Poppy,Clemente,pclementegc@wikipedia.org
590,8663,false,Austin,Quilkin,aquilkingd@sfgate.com
591,275,false,Joe,Victory,jvictoryge@parallels.com
592,3082,false,Elston,Brownjohn,ebrownjohngf@unicef.org
593,6744,true,Florina,Coffey,fcoffeygg@techcrunch.com
594,8844,true,Francoise,Tabourin,ftabouringh@odnoklassniki.ru
595,3375,true,Archer,O'Dare,aodaregi@github.com
596,94,false,Evie,Biddles,ebiddlesgj@tuttocitta.it
597,9753,false,Ann,Pottery,apotterygk@webnode.com
598,2395,true,Wolf,Izat,wizatgl@engadget.com
599,6289,false,Idaline,Spofforth,ispofforthgm@umn.edu
600,4944,true,Elga,Bilbee,ebilbeegn@unblog.fr
601,2032,false,Jazmin,Hunston,jhunstongo@icio.us
602,1817,true,Bowie,Jeacop,bjeacopgp@google.ru
603,9118,false,Hallsy,Ismail,hismailgq@bravesites.com
604,7641,true,Baxie,Lightowler,blightowlergr@posterous.com
605,989,false,Antony,Lacroutz,alacroutzgs@slideshare.net
606,6672,false,Meggy,Meggison,mmeggisongt@squidoo.com
607,3660,true,Lucine,Luscombe,lluscombegu@walmart.com
608,3192,true,Jason,Prescot,jprescotgv@furl.net
609,8257,false,Orin,Baline,obalinegw@pagesperso-orange.fr
610,2216,false,Maybelle,Besse,mbessegx@symantec.com
611,2699,true,Terrill,Kull,tkullgy@ucsd.edu
612,4264,false,Robby,Taphouse,rtaphousegz@theguardian.com
613,3164,true,Homer,Dumelow,hdumelowh0@sohu.com
614,5506,false,Daria,Nipper,dnipperh1@exblog.jp
615,3825,false,Willi,Pires,wpiresh2@usatoday.com
616,4777,false,Gregor,aManger,gamangerh3@yahoo.com
617,3277,true,Lebbie,O'Fogerty,lofogertyh4@state.gov
618,6110,false,Tremain,Fazan,tfazanh5@europa.eu
619,1864,true,Leontine,Puckinghorne,lpuckinghorneh6@naver.com
620,2271,false,Inglis,Mawdsley,imawdsleyh7@artisteer.com
621,4270,false,Billie,Greenin,bgreeninh8@booking.com
622,434,false,Tirrell,Pauer,tpauerh9@fastcompany.com
623,5128,false,Trish,Raccio,traccioha@berkeley.edu
624,2995,true,Raychel,Friatt,rfriatthb@scientificamerican.com
625,6744,false,Tymothy,Freezor,tfreezorhc@instagram.com
626,7487,true,Theresina,Halliburton,thalliburtonhd@wordpress.org
627,5644,true,Granthem,Riddiough,griddioughhe@last.fm
628,9257,true,Eldredge,Astles,eastleshf@wiley.com
629,6602,true,Ailee,Casa,acasahg@yahoo.co.jp
630,398,true,Lari,Kampshell,lkampshellhh@businessinsider.com
631,1591,true,Jeramie,Ygoe,jygoehi@hubpages.com
632,6634,false,Milly,Backhurst,mbackhursthj@imdb.com
633,8765,false,Kaycee,Strettell,kstrettellhk@china.com.cn
634,1204,false,Jacquetta,Mathiot,jmathiothl@liveinternet.ru
635,4231,false,Bernita,Edgcombe,bedgcombehm@tmall.com
636,2427,true,Sauncho,Stevenson,sstevensonhn@yellowbook.com
637,9602,false,Emili,Scholler,eschollerho@bing.com
638,9527,false,Bailie,Poag,bpoaghp@amazonaws.com
639,880,false,Leon,Brantzen,lbrantzenhq@scribd.com
640,7376,false,Sheila-kathryn,Thunnercliff,sthunnercliffhr@bravesites.com
641,4891,false,Harley,Lethebridge,hlethebridgehs@acquirethisname.com
642,9276,false,Benny,Strelitzer,bstrelitzerht@clickbank.net
643,7669,true,Janey,Nipper,jnipperhu@newsvine.com
644,9937,true,Claudianus,Riggulsford,criggulsfordhv@is.gd
645,4773,true,Marillin,Balaizot,mbalaizothw@bing.com
646,1853,true,Harlan,Kirsop,hkirsophx@techcrunch.com
647,7719,true,Jose,Carnelley,jcarnelleyhy@oaic.gov.au
648,3114,true,Fax,Meltetal,fmeltetalhz@elpais.com
649,8077,true,Ariel,Rapp,arappi0@oracle.com
650,1633,false,Ernie,Blamire,eblamirei1@jiathis.com
651,3171,false,Cinnamon,Glossop,cglossopi2@kickstarter.com
652,6564,false,Shawnee,De Filippis,sdefilippisi3@merriam-webster.com
653,4401,false,Lowell,Janaway,ljanawayi4@examiner.com
654,6007,true,Vinny,Congdon,vcongdoni5@imdb.com
655,9512,false,Hendrick,O'Hannigan,hohannigani6@weather.com
656,484,false,Dagny,Diem,ddiemi7@wp.com
657,2525,false,Lorinda,Fidell,lfidelli8@imdb.com
658,2703,false,Ruperta,Peres,rperesi9@sourceforge.net
659,8304,false,Lawrence,Maren,lmarenia@cargocollective.com
660,7287,true,Heath,Ilyin,hilyinib@usa.gov
661,3872,true,Stanford,Brouard,sbrouardic@loc.gov
662,9282,false,Donavon,Barley,dbarleyid@answers.com
663,5109,false,Tudor,Ayerst,tayerstie@google.com.hk
664,3359,true,Lurline,McCracken,lmccrackenif@4shared.com
665,9942,false,Sigismund,Bartholomieu,sbartholomieuig@angelfire.com
666,2359,false,Carr,Eim,ceimih@tamu.edu
667,219,true,Robert,Neylon,rneylonii@howstuffworks.com
668,2835,true,Sam,McFadyen,smcfadyenij@tamu.edu
669,4405,false,Irvin,Wagenen,iwagenenik@state.gov
670,2506,true,Danyelle,Schleicher,dschleicheril@ow.ly
671,8871,false,Terri-jo,Wittey,twitteyim@umn.edu
672,5854,false,Carin,Nyland,cnylandin@ebay.com
673,3601,false,Wallis,Zahor,wzahorio@senate.gov
674,9314,true,Waylon,Hopfner,whopfnerip@toplist.cz
675,1126,true,Penni,Saintsbury,psaintsburyiq@blinklist.com
676,454,true,Antonietta,Elnor,aelnorir@1und1.de
677,508,false,Mickie,Kaiser,mkaiseris@wikia.com
678,433,false,Teresita,MacKinnon,tmackinnonit@arstechnica.com
679,2658,true,Aymer,Sofe,asofeiu@prlog.org
680,9532,true,Hillary,Noah,hnoahiv@yandex.ru
681,9678,false,Sammy,Finnimore,sfinnimoreiw@springer.com
682,9148,false,Maureene,MacKill,mmackillix@apple.com
683,6681,true,Nannie,Meachen,nmeacheniy@hc360.com
684,7752,true,Allard,Gabey,agabeyiz@163.com
685,372,true,Lynn,McKoy,lmckoyj0@stanford.edu
686,4500,true,Melisse,Mainson,mmainsonj1@admin.ch
687,3470,false,Lorettalorna,Warcop,lwarcopj2@businessinsider.com
688,2555,false,Steffie,Whall,swhallj3@techcrunch.com
689,937,false,Donal,Bordman,dbordmanj4@sun.com
690,5076,false,Judy,Broune,jbrounej5@mozilla.com
691,4920,true,Emelda,Kleinschmidt,ekleinschmidtj6@forbes.com
692,2442,false,Ophelie,Groger,ogrogerj7@myspace.com
693,1124,true,Morganne,Stowers,mstowersj8@phoca.cz
694,6473,true,Katti,Meineck,kmeineckj9@upenn.edu
695,9016,true,Melanie,Stivey,mstiveyja@jiathis.com
696,1131,true,Othello,Sexstone,osexstonejb@cbslocal.com
697,6939,true,Noemi,Capron,ncapronjc@amazon.de
698,9321,false,Elysee,Burchill,eburchilljd@samsung.com
699,9018,false,Bartholomew,Earwaker,bearwakerje@tuttocitta.it
700,6561,true,Linet,Beckhouse,lbeckhousejf@privacy.gov.au
701,6337,false,Tobiah,Jellings,tjellingsjg@webnode.com
702,8621,true,Hodge,Turneaux,hturneauxjh@altervista.org
703,5550,false,Jackie,Warwick,jwarwickji@elpais.com
704,8056,true,Lewiss,Eccersley,leccersleyjj@barnesandnoble.com
705,8456,true,Nerti,Heisman,nheismanjk@noaa.gov
706,5598,false,Ginny,Northing,gnorthingjl@china.com.cn
707,2440,true,Hunt,Crang,hcrangjm@accuweather.com
708,3585,true,Klarika,Cottom,kcottomjn@msu.edu
709,7149,false,Rem,Ortner,rortnerjo@com.com
710,7783,true,Dore,McNay,dmcnayjp@nationalgeographic.com
711,4830,true,Kinna,Keggin,kkegginjq@last.fm
712,1181,true,Allina,McDougall,amcdougalljr@opensource.org
713,8239,false,James,Kildea,jkildeajs@loc.gov
714,8610,true,Indira,Pridding,ipriddingjt@yale.edu
715,8953,false,Lammond,Liddard,lliddardju@businessweek.com
716,5243,false,Bink,Legges,bleggesjv@odnoklassniki.ru
717,6612,true,Darius,Whitwood,dwhitwoodjw@surveymonkey.com
718,8380,true,Tessy,Fridaye,tfridayejx@time.com
719,6324,false,Laina,Oloshin,loloshinjy@weather.com
720,8854,false,Ondrea,Rillatt,orillattjz@google.cn
721,2669,true,Stormy,Gorthy,sgorthyk0@theguardian.com
722,6261,false,Galina,Rolfo,grolfok1@webmd.com
723,2594,true,Wilona,Rivett,wrivettk2@dailymail.co.uk
724,3719,false,Branden,Lindell,blindellk3@xrea.com
725,6672,true,Bentlee,Adamovitch,badamovitchk4@artisteer.com
726,8763,true,Celinda,Bruckent,cbruckentk5@weather.com
727,4721,false,Maddi,Bampforth,mbampforthk6@nba.com
728,4773,false,Gael,Rudloff,grudloffk7@usgs.gov
729,7542,false,Robbin,Carnaman,rcarnamank8@dedecms.com
730,9960,false,Bev,Murrhaupt,bmurrhauptk9@archive.org
731,7284,true,Clerkclaude,Stowers,cstowerska@tmall.com
732,2621,false,Esteban,Wakeley,ewakeleykb@bing.com
733,6324,true,Johnath,Docket,jdocketkc@sina.com.cn
734,7064,false,Ettore,Chieco,echiecokd@reverbnation.com
735,5925,true,Hildegaard,Martyns,hmartynske@oracle.com
736,6238,true,Wylma,Mattson,wmattsonkf@sitemeter.com
737,5185,false,Ann-marie,Cogan,acogankg@vistaprint.com
738,6803,false,Stephanus,Clipson,sclipsonkh@yahoo.com
739,9481,true,Blake,McGrey,bmcgreyki@ycombinator.com
740,715,false,Bing,Sobey,bsobeykj@aol.com
741,6067,true,Frazer,Fydoe,ffydoekk@edublogs.org
742,1562,false,Gunner,Sirmon,gsirmonkl@foxnews.com
743,2390,true,Ham,Bernucci,hbernuccikm@list-manage.com
744,7126,true,Amy,Swyre,aswyrekn@deviantart.com
745,4883,false,Trude,Piletic,tpileticko@globo.com
746,2404,false,Theodore,Alaway,talawaykp@ox.ac.uk
747,7938,false,Florence,Varcoe,fvarcoekq@ox.ac.uk
748,2406,false,Ashil,Sertin,asertinkr@opensource.org
749,2530,false,Arleen,Bambery,abamberyks@google.pl
750,8257,false,Claudelle,Allan,callankt@mtv.com
751,702,true,Hinze,Scoterbosh,hscoterboshku@squarespace.com
752,8712,false,Angelico,Meriot,ameriotkv@netlog.com
753,7672,true,Earl,Petcher,epetcherkw@ucoz.com
754,11,true,Lion,Fomichyov,lfomichyovkx@amazon.de
755,3840,true,Lusa,Krystek,lkrystekky@cyberchimps.com
756,6013,false,Gay,Loudiane,gloudianekz@virginia.edu
757,6306,false,Marrilee,Sellstrom,msellstroml0@microsoft.com
758,6300,false,Jerrie,Willox,jwilloxl1@europa.eu
759,2198,false,Darwin,Vankov,dvankovl2@ucoz.com
760,6470,true,Yancey,Sawart,ysawartl3@boston.com
761,6213,true,Mellicent,Brinkman,mbrinkmanl4@jugem.jp
762,6848,false,Glennis,Fowden,gfowdenl5@samsung.com
763,4950,true,Tabbitha,Simoens,tsimoensl6@jigsy.com
764,9493,false,Lowell,Kirman,lkirmanl7@google.ca
765,6533,true,Gorden,Fend,gfendl8@yandex.ru
766,5984,false,Mara,Gabites,mgabitesl9@amazon.com
767,5296,true,Diena,Shills,dshillsla@eepurl.com
768,2226,true,Johnath,Chevalier,jchevalierlb@nasa.gov
769,1509,false,Charlena,Sjollema,csjollemalc@senate.gov
770,7884,true,Nicola,Efford,neffordld@sogou.com
771,40,true,Fern,McElvine,fmcelvinele@smh.com.au
772,2908,false,Jobyna,Tarzey,jtarzeylf@miitbeian.gov.cn
773,6227,true,Alisha,Hirsch,ahirschlg@state.tx.us
774,7792,true,Marv,Harding,mhardinglh@who.int
775,3876,true,Blanch,Longfellow,blongfellowli@wsj.com
776,7696,false,Margeaux,Gaukroger,mgaukrogerlj@shareasale.com
777,3499,false,Orville,Conti,ocontilk@unblog.fr
778,7828,false,Eden,Episcopi,eepiscopill@posterous.com
779,676,true,Pincas,Brandin,pbrandinlm@netlog.com
780,1608,false,Antoinette,Cruikshanks,acruikshanksln@yellowpages.com
781,1879,true,Fayina,Worviell,fworvielllo@goo.ne.jp
782,3089,false,Christen,Hefforde,cheffordelp@jugem.jp
783,8193,true,Bellina,Gorstidge,bgorstidgelq@behance.net
784,7559,false,Darsie,Phaup,dphauplr@pbs.org
785,7008,true,Luis,Teasey,lteaseyls@about.me
786,3632,false,Delbert,O'Shiels,doshielslt@photobucket.com
787,7835,false,Raul,Rochford,rrochfordlu@europa.eu
788,2031,true,Willow,Pouton,wpoutonlv@discuz.net
789,6363,false,Dominga,Timeby,dtimebylw@elegantthemes.com
790,7290,true,Dee dee,Maybey,dmaybeylx@tmall.com
791,7054,false,Jamie,Armit,jarmitly@flickr.com
792,7722,true,Roselia,Fairall,rfairalllz@slashdot.org
793,576,true,Olympie,Screase,oscreasem0@comcast.net
794,852,false,Culver,Spight,cspightm1@g.co
795,7610,false,Britte,Huffa,bhuffam2@ed.gov
796,4803,true,Morey,Bathoe,mbathoem3@tinypic.com
797,7276,true,Hillery,Feacham,hfeachamm4@deviantart.com
798,3203,true,Kinsley,Stredwick,kstredwickm5@google.com
799,7245,false,Madelene,Greenside,mgreensidem6@soup.io
800,5593,false,Benji,Whitton,bwhittonm7@jalbum.net
801,8803,true,Petronia,Warham,pwarhamm8@tripadvisor.com
802,6813,true,Dinnie,Cullum,dcullumm9@auda.org.au
803,49,false,Lorianna,Wilmot,lwilmotma@wikia.com
804,3760,true,Merle,Romei,mromeimb@pen.io
805,198,false,Donella,Lemoir,dlemoirmc@jiathis.com
806,4933,false,Victoir,Videler,vvidelermd@de.vu
807,4234,true,Umeko,Gorbell,ugorbellme@comsenz.com
808,9181,false,Ezechiel,Traice,etraicemf@topsy.com
809,1669,false,Chery,Berriman,cberrimanmg@angelfire.com
810,2465,true,Doyle,Messer,dmessermh@washingtonpost.com
811,9473,true,Even,Forgan,eforganmi@instagram.com
812,1853,true,Theressa,Kuhle,tkuhlemj@phpbb.com
813,1302,true,Fayette,Fennelow,ffennelowmk@ning.com
814,7379,true,Bernette,Hannigane,bhanniganeml@bloglovin.com
815,3265,false,Noell,Detoc,ndetocmm@google.ru
816,6254,true,Wendeline,Drage,wdragemn@cnn.com
817,5946,true,Izabel,Utteridge,iutteridgemo@sohu.com
818,5919,false,Jenni,Zavattieri,jzavattierimp@elpais.com
819,1575,false,Ricca,Eccleston,recclestonmq@fotki.com
820,1778,true,Hayes,Goodrick,hgoodrickmr@umn.edu
821,3512,true,Georgetta,Wordesworth,gwordesworthms@acquirethisname.com
822,4268,true,Merrily,Saphir,msaphirmt@msn.com
823,7430,true,Belinda,Moylan,bmoylanmu@unesco.org
824,7325,true,Tuck,Peele,tpeelemv@nasa.gov
825,5880,false,Zebulen,Hasselby,zhasselbymw@indiegogo.com
826,209,true,Shannon,Lytell,slytellmx@icio.us
827,7666,false,Ellsworth,Pinar,epinarmy@parallels.com
828,8817,true,Bird,Hutten,bhuttenmz@mashable.com
829,3515,false,Dolf,Gian,dgiann0@theatlantic.com
830,7807,false,Erskine,Haet,ehaetn1@google.ca
831,4115,true,Reginald,McLauchlin,rmclauchlinn2@com.com
832,6055,false,Roxine,Horley,rhorleyn3@rakuten.co.jp
833,3591,false,Cathrin,Vasichev,cvasichevn4@networksolutions.com
834,5967,false,Pattin,Bottoms,pbottomsn5@facebook.com
835,7154,true,Vale,Storkes,vstorkesn6@sbwire.com
836,8881,false,Jordain,Mennear,jmennearn7@over-blog.com
837,6784,false,Wilmer,Gowanlock,wgowanlockn8@skype.com
838,9039,true,Mahala,Hesey,mheseyn9@apple.com
839,3426,true,Janaye,Papes,jpapesna@jugem.jp
840,7173,false,Kristine,Bolletti,kbollettinb@cafepress.com
841,7297,false,Isaac,Wardhaw,iwardhawnc@photobucket.com
842,7530,false,Tildi,Dondon,tdondonnd@gnu.org
843,4107,false,Sheelagh,Hendriksen,shendriksenne@dell.com
844,6142,false,Luigi,Craigie,lcraigienf@uiuc.edu
845,3350,true,Deny,Selly,dsellyng@ucsd.edu
846,805,false,Amerigo,Stowe,astowenh@archive.org
847,9148,false,Aldric,Bendix,abendixni@acquirethisname.com
848,5540,false,Karlotte,Standfield,kstandfieldnj@amazonaws.com
849,8882,true,Lise,Gowthorpe,lgowthorpenk@mayoclinic.com
850,5033,true,Amory,McMylor,amcmylornl@home.pl
851,9862,false,Tadeas,Wildt,twildtnm@narod.ru
852,5138,true,Joe,Rigby,jrigbynn@imdb.com
853,9742,false,Row,Genese,rgeneseno@reference.com
854,2282,true,Codi,Fairbourn,cfairbournnp@drupal.org
855,9435,false,Vivie,McLae,vmclaenq@digg.com
856,9713,true,Darrell,Jefford,djeffordnr@github.io
857,5719,true,Chen,Pendock,cpendockns@de.vu
858,4612,false,Kathryne,Fassman,kfassmannt@ustream.tv
859,159,true,Justis,O'Flannery,joflannerynu@google.fr
860,1929,false,Abbey,Warby,awarbynv@moonfruit.com
861,9862,true,Dewie,Gurley,dgurleynw@ed.gov
862,7791,true,Bendite,Qualtrough,bqualtroughnx@princeton.edu
863,8928,false,Lindsay,Halton,lhaltonny@jugem.jp
864,9131,true,Eli,Keane,ekeanenz@paypal.com
865,2331,false,Jean,McGillreich,jmcgillreicho0@biglobe.ne.jp
866,4503,true,Alverta,Mattecot,amattecoto1@gmpg.org
867,1468,true,Lianne,Silveston,lsilvestono2@stumbleupon.com
868,2645,true,Boony,Glendining,bglendiningo3@sina.com.cn
869,5764,false,Corry,Oxbe,coxbeo4@joomla.org
870,6634,false,Bertrand,Dilon,bdilono5@google.com.hk
871,729,false,Torrence,Brussels,tbrusselso6@naver.com
872,9816,true,Matthiew,Berresford,mberresfordo7@acquirethisname.com
873,4626,true,Saundra,Burchett,sburchetto8@businesswire.com
874,2612,true,Raynor,Gludor,rgludoro9@bloglines.com
875,2479,true,Van,Crebbin,vcrebbinoa@a8.net
876,8115,true,Emma,Hoyle,ehoyleob@feedburner.com
877,5526,false,Sauncho,Rittmeier,srittmeieroc@redcross.org
878,3640,true,Lauryn,Marty,lmartyod@booking.com
879,7819,false,Ogden,Siggins,osigginsoe@com.com
880,9465,true,Marlow,Ellyatt,mellyattof@dedecms.com
881,1543,false,Cleon,Mabon,cmabonog@xing.com
882,5921,true,Grant,Rockey,grockeyoh@smugmug.com
883,5382,false,Janeczka,Girogetti,jgirogettioi@epa.gov
884,4255,true,Red,Tumasian,rtumasianoj@squarespace.com
885,148,false,Adore,Oki,aokiok@rediff.com
886,1908,false,Enrika,Bern,ebernol@about.me
887,3476,true,Olva,Bomfield,obomfieldom@cbc.ca
888,6057,false,Ardenia,Esmond,aesmondon@buzzfeed.com
889,1451,true,Abbie,Torrisi,atorrisioo@blogspot.com
890,9991,true,Winni,Mc Dermid,wmcdermidop@google.es
891,1670,false,Issiah,Tadgell,itadgelloq@imageshack.us
892,1043,false,Darwin,Connochie,dconnochieor@marketwatch.com
893,3599,true,Christoffer,O'Conor,coconoros@newyorker.com
894,6379,true,Kristoforo,Pitt,kpittot@senate.gov
895,1454,false,Glynn,Dirand,gdirandou@wordpress.org
896,6024,false,Lamont,Wakeham,lwakehamov@latimes.com
897,4382,true,Stormy,Hullbrook,shullbrookow@sina.com.cn
898,5283,true,Kenneth,Raisbeck,kraisbeckox@t-online.de
899,6296,true,Martelle,Gulberg,mgulbergoy@cafepress.com
900,2770,false,Margaret,Chazelas,mchazelasoz@time.com
901,7186,false,Ravid,Hallifax,rhallifaxp0@google.com.hk
902,882,true,Madelon,Hammerstone,mhammerstonep1@unesco.org
903,6193,false,Marchall,Stoade,mstoadep2@geocities.com
904,3856,false,Feliza,Syddie,fsyddiep3@aol.com
905,3089,true,Morton,Grundy,mgrundyp4@cmu.edu
906,530,true,Ahmad,Reford,arefordp5@com.com
907,7885,true,Yehudit,Cornil,ycornilp6@samsung.com
908,8685,true,Knox,Melchior,kmelchiorp7@privacy.gov.au
909,6534,true,Cece,Buske,cbuskep8@woothemes.com
910,1704,true,Deanna,Arter,darterp9@pen.io
911,6600,true,Dov,Aleshintsev,daleshintsevpa@hp.com
912,3269,true,Marlena,Brisker,mbriskerpb@bizjournals.com
913,107,true,Virgie,Polak,vpolakpc@amazon.co.uk
914,3869,true,Jacinda,Trounce,jtrouncepd@weibo.com
915,2624,false,Dun,Beverley,dbeverleype@about.com
916,3395,true,Emmalee,Fenich,efenichpf@hp.com
917,9763,false,Linoel,Brauner,lbraunerpg@moonfruit.com
918,5320,false,Athene,Harriott,aharriottph@surveymonkey.com
919,1353,false,Loleta,Chaudret,lchaudretpi@parallels.com
920,231,true,Noemi,Watkin,nwatkinpj@360.cn
921,1456,false,Hailee,Gallally,hgallallypk@twitpic.com
922,6701,true,Gael,Minchinton,gminchintonpl@booking.com
923,4626,true,Lauren,Cullen,lcullenpm@e-recht24.de
924,9547,true,Ash,Corney,acorneypn@sina.com.cn
925,8103,true,Bent,Groneway,bgronewaypo@360.cn
926,9590,true,Grover,Malone,gmalonepp@dell.com
927,3741,true,Zebedee,Peever,zpeeverpq@tumblr.com
928,2699,false,Artair,Cunio,acuniopr@networkadvertising.org
929,6469,true,Corny,Hesey,cheseyps@mozilla.org
930,6208,true,Dwayne,Olyonov,dolyonovpt@gravatar.com
931,6895,false,Rockey,Fery,rferypu@ox.ac.uk
932,6711,false,Thacher,Coker,tcokerpv@weather.com
933,7210,false,Antonie,Hayhurst,ahayhurstpw@xing.com
934,8004,false,Courtney,Gauson,cgausonpx@techcrunch.com
935,3801,true,Marys,Fley,mfleypy@state.tx.us
936,603,false,Saidee,Sumner,ssumnerpz@ezinearticles.com
937,1952,true,Dory,McIlhone,dmcilhoneq0@paypal.com
938,7225,false,Teddi,Iacovozzo,tiacovozzoq1@123-reg.co.uk
939,9283,true,Gal,Hlavac,ghlavacq2@clickbank.net
940,249,false,Glory,Binnes,gbinnesq3@hao123.com
941,1231,true,Frederik,Witty,fwittyq4@google.es
942,7547,false,Neala,Greenside,ngreensideq5@aboutads.info
943,610,true,Lew,Storek,lstorekq6@bbc.co.uk
944,3843,true,Gard,McAusland,gmcauslandq7@nymag.com
945,8199,false,Robenia,Nobbs,rnobbsq8@wikimedia.org
946,2422,true,Gilly,Dillestone,gdillestoneq9@engadget.com
947,7962,false,Nari,Watters,nwattersqa@twitter.com
948,3449,true,Maddie,Conan,mconanqb@webs.com
949,8888,false,Clark,Leithgoe,cleithgoeqc@smh.com.au
950,9955,true,Timi,Gingles,tginglesqd@foxnews.com
951,3246,true,Herbert,Bingle,hbingleqe@seattletimes.com
952,7805,false,Allina,Huckleby,ahucklebyqf@huffingtonpost.com
953,5570,true,Carolyn,Swaden,cswadenqg@nhs.uk
954,9789,false,Demott,Doberer,ddobererqh@timesonline.co.uk
955,4110,false,Kristoffer,MacRannell,kmacrannellqi@constantcontact.com
956,9570,false,Ethelda,Orriss,eorrissqj@networksolutions.com
957,6778,false,Jeanna,Basham,jbashamqk@linkedin.com
958,2936,true,Mark,Cumbes,mcumbesql@angelfire.com
959,8841,true,Meris,Tschursch,mtschurschqm@dion.ne.jp
960,8412,false,Roch,Boyd,rboydqn@sphinn.com
961,3415,false,Giuseppe,Karchowski,gkarchowskiqo@va.gov
962,5801,false,Francine,Cockcroft,fcockcroftqp@wikia.com
963,3397,false,Nedda,Adolf,nadolfqq@netlog.com
964,9513,false,Bill,Doncaster,bdoncasterqr@tmall.com
965,6387,false,Vick,Stoner,vstonerqs@newsvine.com
966,189,true,Lorant,Jolliman,ljollimanqt@wikimedia.org
967,6119,false,Phedra,Orbine,porbinequ@si.edu
968,5675,false,Desmond,Champneys,dchampneysqv@indiatimes.com
969,3282,false,Aubine,Aaron,aaaronqw@reference.com
970,7056,true,Staci,Jon,sjonqx@yelp.com
971,6777,true,Pyotr,Clemont,pclemontqy@epa.gov
972,9883,true,Gui,Haverson,ghaversonqz@pbs.org
973,1800,true,Wilma,d' Elboux,wdelbouxr0@nyu.edu
974,4169,true,Jodie,Fortescue,jfortescuer1@ebay.com
975,9108,true,Veronica,Bachanski,vbachanskir2@shinystat.com
976,2708,true,Aigneis,Romer,aromerr3@tinyurl.com
977,8302,true,Conney,Karczinski,ckarczinskir4@goodreads.com
978,5600,true,Kacy,Kovnot,kkovnotr5@stanford.edu
979,2485,false,Else,Pechold,epecholdr6@istockphoto.com
980,171,false,Marnie,Isac,misacr7@yale.edu
981,628,true,Tabby,Fulkes,tfulkesr8@cbsnews.com
982,7177,false,Chantal,Hamblen,chamblenr9@ifeng.com
983,1255,false,Tanhya,Kinnin,tkinninra@slate.com
984,47,false,Wanda,Mollett,wmollettrb@com.com
985,8669,false,Adair,Rump,arumprc@google.com.au
986,9911,false,Madelon,Rama,mramard@amazon.co.uk
987,3685,true,Alexis,Fidele,afidelere@webmd.com
988,9149,false,Laureen,Brooking,lbrookingrf@last.fm
989,5308,false,Johnna,Isted,jistedrg@nhs.uk
990,8048,true,Dynah,Wieprecht,dwieprechtrh@amazon.co.uk
991,753,true,Dorolice,Hogben,dhogbenri@reference.com
992,388,true,Esta,Tallon,etallonrj@ustream.tv
993,6522,false,Chris,Evensden,cevensdenrk@xinhuanet.com
994,4648,true,Efren,Saltman,esaltmanrl@boston.com
995,332,false,Renell,Durbann,rdurbannrm@mysql.com
996,6610,false,Phylis,Warrender,pwarrenderrn@tiny.cc
997,745,false,Alissa,Bhatia,abhatiaro@360.cn
998,5743,true,Genia,Hefford,gheffordrp@vkontakte.ru
999,2587,true,Killian,Shakesby,kshakesbyrq@cyberchimps.com
1000,7070,true,Borg,Lavell,blavellrr@cnbc.com
